{"epochs": [1, 2, 3, 4, 5, 6, 7, 8, 9, 10, 11, 12, 13, 14, 15, 16, 17, 18, 19, 20, 21, 22, 23, 24, 25, 26, 27, 28, 29, 30, 31, 32, 33, 34, 35, 36, 37, 38, 39, 40, 41, 42, 43, 44, 45, 46, 47, 48, 49, 50], "loss": [0.6909285187721252, 0.4330068528652191, 0.13710564374923706, 0.09224529564380646, 0.0725768581032753, 0.059762369841337204, 0.04873153194785118, 0.04093522951006889, 0.03498690575361252, 0.031200768426060677, 0.028936665505170822, 0.028657613322138786, 0.02709777094423771, 0.025615349411964417, 0.025384314358234406, 0.024665439501404762, 0.02380327880382538, 0.022651754319667816, 0.020893044769763947, 0.02131320908665657, 0.020695440471172333, 0.01928347535431385, 0.018335578963160515, 0.017368556931614876, 0.01688033528625965, 0.016782822087407112, 0.014678374864161015, 0.01325064618140459, 0.012751376256346703, 0.012064790353178978, 0.01163472793996334, 0.011887354776263237, 0.011813627555966377, 0.010533387772738934, 0.010669783689081669, 0.01058040652424097, 0.009513584896922112, 0.00964595377445221, 0.009556257165968418, 0.009522076696157455, 0.008926776237785816, 0.008257318288087845, 0.008285518735647202, 0.007913962937891483, 0.008404596708714962, 0.007427008356899023, 0.007425048388540745, 0.00843801163136959, 0.00803385954350233, 0.008206912316381931], "accuracy": [0.19712752103805542, 0.38433629274368286, 0.6900228261947632, 0.7469183504581451, 0.7777608931064606, 0.7996008992195129, 0.8190181702375412, 0.8359649330377579, 0.8474398851394653, 0.856929287314415, 0.8620121031999588, 0.863011434674263, 0.867315486073494, 0.8706392794847488, 0.8720215260982513, 0.8726192712783813, 0.8756559118628502, 0.8800542578101158, 0.883021205663681, 0.8815140649676323, 0.8845041841268539, 0.8885765820741653, 0.8907242268323898, 0.894342452287674, 0.8947593718767166, 0.8949601054191589, 0.9032956138253212, 0.9074368104338646, 0.9093522951006889, 0.9119011089205742, 0.9131339713931084, 0.9125068187713623, 0.9131560251116753, 0.9182348176836967, 0.9171265885233879, 0.9189793840050697, 0.9213875755667686, 0.9228399991989136, 0.9216684699058533, 0.9224746748805046, 0.9253700897097588, 0.9281229302287102, 0.9280757680535316, 0.9292037189006805, 0.9275358691811562, 0.9318493455648422, 0.931624673306942, 0.9279231131076813, 0.9287445545196533, 0.9278524070978165]}