{"epochs": [1, 2, 3, 4, 5, 6, 7, 8, 9, 10, 11, 12, 13, 14, 15, 16, 17, 18, 19, 20, 21, 22, 23, 24, 25, 26, 27, 28, 29, 30, 31, 32, 33, 34, 35, 36, 37, 38, 39, 40, 41, 42, 43, 44, 45, 46, 47, 48, 49, 50], "loss": [0.6785451769828796, 0.3011973202228546, 0.11182363331317902, 0.07747339457273483, 0.05515773594379425, 0.04354461282491684, 0.03589887544512749, 0.03214934840798378, 0.027652816846966743, 0.026807935908436775, 0.0261912252753973, 0.025708328932523727, 0.02547488361597061, 0.025461526587605476, 0.024501439183950424, 0.024518733844161034, 0.02466639131307602, 0.023868711665272713, 0.02381075732409954, 0.022659175097942352, 0.02212577499449253, 0.020894186571240425, 0.021237822249531746, 0.021445561200380325, 0.020163334906101227, 0.01817750558257103, 0.019902193918824196, 0.018243389204144478, 0.017359843477606773, 0.016192466020584106, 0.015500035136938095, 0.015227594412863255, 0.013241334818303585, 0.01434517465531826, 0.012591658160090446, 0.011913204565644264, 0.012078758329153061, 0.011360916309058666, 0.011118995025753975, 0.010887996293604374, 0.010730234906077385, 0.009555693715810776, 0.00955098494887352, 0.008472342044115067, 0.009224039502441883, 0.009915857575833797, 0.009019594639539719, 0.008405473083257675, 0.008582748472690582, 0.008056671358644962], "accuracy": [0.20508140325546265, 0.5134223103523254, 0.721526563167572, 0.7716110646724701, 0.8099673241376877, 0.8293406367301941, 0.8451699912548065, 0.8550227135419846, 0.8652512431144714, 0.8681735843420029, 0.8705107569694519, 0.8708178550004959, 0.8720658868551254, 0.8717660456895828, 0.8745976686477661, 0.874293863773346, 0.8740526139736176, 0.8766707554459572, 0.8751392662525177, 0.8782377243041992, 0.8811140581965446, 0.8824989199638367, 0.8829094246029854, 0.8820159658789635, 0.885788805782795, 0.8906601965427399, 0.8876706659793854, 0.8927294164896011, 0.8947677314281464, 0.8981718495488167, 0.9005265757441521, 0.9014081284403801, 0.9079835638403893, 0.9054050967097282, 0.9114091545343399, 0.9133477658033371, 0.9126072227954865, 0.9155290275812149, 0.9170520231127739, 0.9167518019676208, 0.917762354016304, 0.922658234834671, 0.9222939983010292, 0.9269388914108276, 0.9246091470122337, 0.9224296361207962, 0.9243744015693665, 0.927325576543808, 0.9269520938396454, 0.9278398305177689]}